{"status":"OK","copyright":"Copyright (c) 2018 The New York Times Company. All Rights Reserved.","response":{"docs":[{"web_url":"https://www.nytimes.com/aponline/2018/03/28/us/ap-us-immigration-raid.html","snippet":"Federal agents acting on a tip went to a Phoenix house where they found and detained 34 immigrants believed to have entered the United States, U.S. Immigration and Customs Enforcement officials said Wednesday.","blog":{},"source":"AP","multimedia":[],"headline":{"main":"Agency: Tip Led to Phoenix Drop House Bust of 34 Immigrants","kicker":null,"content_kicker":null,"print_headline":"Agency: Tip Led to Phoenix Drop House Bust of 34 Immigrants","name":null,"seo":null,"sub":null},"keywords":[],"pub_date":"2018-03-28T10:39:04+0000","document_type":"article","new_desk":"None","byline":{"original":"By THE ASSOCIATED PRESS","person":[],"organization":"THE ASSOCIATED PRESS"},"type_of_material":"News","_id":"5abb70cb47de81a9012187fb","word_count":177,"score":0.0033648123,"uri":"nyt://article/ea370798-5116-58cd-bf68-9224332a532d"},{"web_url":"https://www.nytimes.com/reuters/2018/03/28/us/politics/28reuters-usa-justice-sanctuary-california.html","snippet":"President Donald Trump on Wednesday extolled a major California county for joining his administration's legal challenge to the state's new limits on how much local police and sheriff's departments support his rigorous deportation policy.","blog":{},"source":"Reuters","multimedia":[],"headline":{"main":"Trump 'Stands in Solidarity' With Orange County on California Sanctuary Law","kicker":null,"content_kicker":null,"print_headline":"Trump 'Stands in Solidarity' With Orange County on California Sanctuary Law","name":null,"seo":null,"sub":null},"keywords":[],"pub_date":"2018-03-28T12:23:56+0000","document_type":"article","new_desk":"None","section_name":"Politics","byline":{"original":"By REUTERS","person":[],"organization":"REUTERS"},"type_of_material":"News","_id":"5abb895e47de81a9012188b8","word_count":377,"score":0.0027948883,"uri":"nyt://article/c10b03b7-cf6c-58b5-8f80-dfebb5513d2c"},{"web_url":"https://www.nytimes.com/aponline/2018/03/28/world/africa/ap-af-kenya-politics.html","snippet":"Acting in the middle of the night, Kenyan authorities handcuffed and deported an opposition politician whose attempt to enter the country led to him being detained in an airport toilet for more than a day, lawyers said early Thursday.","blog":{},"source":"AP","multimedia":[],"headline":{"main":"Kenyan Opposition Figure Deported to Dubai, Lawyers Say","kicker":null,"content_kicker":null,"print_headline":"Kenyan Opposition Figure Deported to Dubai, Lawyers Say","name":null,"seo":null,"sub":null},"keywords":[],"pub_date":"2018-03-28T09:06:04+0000","document_type":"article","new_desk":"None","section_name":"Africa","byline":{"original":"By THE ASSOCIATED PRESS","person":[],"organization":"THE ASSOCIATED PRESS"},"type_of_material":"News","_id":"5abb5aff47de81a901218744","word_count":468,"score":0.001950375,"uri":"nyt://article/ad3bb334-65a2-5af6-9459-f4da0d1280a1"},{"web_url":"https://www.nytimes.com/reuters/2018/03/28/world/europe/28reuters-germany-migration-arrest.html","snippet":"Hungarian authorities on Wednesday arrested a German suspected of selling arms via an anti-immigrant website called \"Migrants' Fright\", the Berlin public prosecutor said on Wednesday.","blog":{},"source":"Reuters","multimedia":[],"headline":{"main":"Hungary Arrests German Suspected of Running Anti-Immigrant Gun Shop","kicker":null,"content_kicker":null,"print_headline":"Hungary Arrests German Suspected of Running Anti-Immigrant Gun Shop","name":null,"seo":null,"sub":null},"keywords":[],"pub_date":"2018-03-28T15:27:05+0000","document_type":"article","new_desk":"None","section_name":"Europe","byline":{"original":"By REUTERS","person":[],"organization":"REUTERS"},"type_of_material":"News","_id":"5abbb44b47de81a901218aa5","word_count":229,"score":0.001906066,"uri":"nyt://article/efc2cba0-4254-5af3-9b49-e15195d8ea07"},{"web_url":"https://www.nytimes.com/aponline/2018/03/28/us/ap-us-senate-new-jersey-menendez.html","snippet":"Eschewing any mention of the corruption scandal that dogged him for years and put his political career in jeopardy, U.S. Sen. Bob Menendez launched his bid for a third term Wednesday, telling a cheering gymnasium full of high school students that ...","blog":{},"source":"AP","multimedia":[],"headline":{"main":"Bribery Charges Behind Him, Menendez Runs for Re-election","kicker":null,"content_kicker":null,"print_headline":"Bribery Charges Behind Him, Menendez Runs for Re-election","name":null,"seo":null,"sub":null},"keywords":[],"pub_date":"2018-03-28T04:09:09+0000","document_type":"article","new_desk":"None","byline":{"original":"By THE ASSOCIATED PRESS","person":[],"organization":"THE ASSOCIATED PRESS"},"type_of_material":"News","_id":"5abb156847de81a9012185a7","word_count":629,"score":0.0016792514,"uri":"nyt://article/8b053cd4-9763-528f-838b-5541959cb239"},{"web_url":"https://www.nytimes.com/reuters/2018/03/28/world/middleeast/28reuters-germany-population.html","snippet":"More babies were born in Germany in 2016 than in any year since 1996, thanks to a booming economy, government incentives and a surge in migration, data showed on Wednesday.","blog":{},"source":"Reuters","multimedia":[],"headline":{"main":"Economy, Incentives and Migrants Give Germany Baby Boom","kicker":null,"content_kicker":null,"print_headline":"Economy, Incentives and Migrants Give Germany Baby Boom","name":null,"seo":null,"sub":null},"keywords":[],"pub_date":"2018-03-28T11:26:57+0000","document_type":"article","new_desk":"None","section_name":"Middle East","byline":{"original":"By REUTERS","person":[],"organization":"REUTERS"},"type_of_material":"News","_id":"5abb7c0447de81a901218858","word_count":386,"score":0.001665881,"uri":"nyt://article/86852d3c-821c-5572-8478-e7c51e5f30a6"},{"web_url":"https://www.nytimes.com/reuters/2018/03/28/world/europe/28reuters-swiss-eu.html","snippet":"Switzerland revived plans on Wednesday to contribute an extra 1.3 billion Swiss francs ($1.4 billion) for newer European Union members as relations with its biggest trading partner began improving after a spat at the end of last year.","blog":{},"source":"Reuters","multimedia":[],"headline":{"main":"Swiss Revive Plan to Support Newer EU Members as Ties Thaw","kicker":null,"content_kicker":null,"print_headline":"Swiss Revive Plan to Support Newer EU Members as Ties Thaw","name":null,"seo":null,"sub":null},"keywords":[],"pub_date":"2018-03-28T11:24:02+0000","document_type":"article","new_desk":"None","section_name":"Europe","byline":{"original":"By REUTERS","person":[],"organization":"REUTERS"},"type_of_material":"News","_id":"5abb7b5447de81a901218856","word_count":393,"score":0.0016576481,"uri":"nyt://article/e2ecb966-4299-5818-9533-4a0842e96139"},{"web_url":"https://www.nytimes.com/reuters/2018/03/28/world/africa/28reuters-ghana-protest.html","snippet":"Thousands of people protested in Ghana's capital Accra on Wednesday against the expansion of its defense cooperation with the United States, in a rare public display of opposition to the growing foreign military presence in West Africa.","blog":{},"source":"Reuters","multimedia":[],"headline":{"main":"Ghanaians Protest Over Expanded Military Co-operation Deal With U.S.","kicker":null,"content_kicker":null,"print_headline":"Ghanaians Protest Over Expanded Military Co-operation Deal With U.S.","name":null,"seo":null,"sub":null},"keywords":[],"pub_date":"2018-03-28T13:17:56+0000","document_type":"article","new_desk":"None","section_name":"Africa","byline":{"original":"By REUTERS","person":[],"organization":"REUTERS"},"type_of_material":"News","_id":"5abb960847de81a901218926","word_count":428,"score":0.001625207,"uri":"nyt://article/20b9cb38-5c96-5c92-870a-c7f9c7293722"},{"web_url":"https://www.nytimes.com/reuters/2018/03/28/world/africa/28reuters-kenya-politics.html","snippet":"A Kenyan high court judge found the Interior Minister and the police chief guilty of contempt on Wednesday and told them to appear for sentencing because they failed to obey a court order to release a detained opposition politician.","blog":{},"source":"Reuters","multimedia":[],"headline":{"main":"Kenyan Minister, Police Chief Found in Contempt; Opposition Politician Deported","kicker":null,"content_kicker":null,"print_headline":"Kenyan Minister, Police Chief Found in Contempt; Opposition Politician Deported","name":null,"seo":null,"sub":null},"keywords":[],"pub_date":"2018-03-28T13:21:05+0000","document_type":"article","new_desk":"None","section_name":"Africa","byline":{"original":"By REUTERS","person":[],"organization":"REUTERS"},"type_of_material":"News","_id":"5abb96c347de81a901218934","word_count":462,"score":0.0016140734,"uri":"nyt://article/24320a0b-42ea-5d2c-880f-103954bf9f43"},{"web_url":"https://www.nytimes.com/reuters/2018/03/28/world/europe/28reuters-hungary-election-residency-syria.html","snippet":"A Syrian man who is under U.S. sanctions for assisting the Syrian government received residency status in Hungary under a visa bond program launched by Prime Minister Viktor Orban's government, two Hungarian websites reported.","blog":{},"source":"Reuters","multimedia":[],"headline":{"main":"Hungary Gave Visa to Syrian Man Under U.S. Sanctions for Assisting Assad: Websites","kicker":null,"content_kicker":null,"print_headline":"Hungary Gave Visa to Syrian Man Under U.S. Sanctions for Assisting Assad: Websites","name":null,"seo":null,"sub":null},"keywords":[],"pub_date":"2018-03-28T17:18:05+0000","document_type":"article","new_desk":"None","section_name":"Europe","byline":{"original":"By REUTERS","person":[],"organization":"REUTERS"},"type_of_material":"News","_id":"5abbce4f47de81a901218bd6","word_count":543,"score":0.0013521154,"uri":"nyt://article/9478523c-b90e-5189-b50e-ed0f0bb71ffd"}],"meta":{"hits":33,"offset":10,"time":7}}}